INSERT INTO Event (name, date, selected)
values ('Maanrock', '2022-08-25', true),
       ('Mechelen Viert', '2023-01-01', false);

INSERT INTO Person (name, email, gender, crystal_ball, perfect_day, interests, birthdate, min_age_preference,
                    max_age_preference,
                    gender_preference, interests_preference, matched,
                    image, qr_Scanned, EVENT_ID, famous, friendship_meaning, house_on_fire)
VALUES ('John Doe', 'onderdentoren.noreply@gmail.com', 'Man',
        'Wat zijn enkele onverwachte kansen of avonturen die ik in de toekomst zou moeten aangrijpen?',
        'Rustig wakker worden, genieten van een uitgebreid ontbijt en de hele dag ontspannen. ', 'Sport, Muziek',
        '1990-01-01', 27, 33,
        'Vrouw', 'Muziek', true,
        'https://firebasestorage.googleapis.com/v0/b/hartverlorenonderdentoren.appspot.com/o/image1.png?alt=media&token=43a098e9-6909-49be-87fa-1e5cf13b3cbf',
        False,
        2,
        'Ja, omdat ik graag een positieve invloed wil hebben op anderen en mijn passies met een groter publiek wil delen.',
        'Vriendschap betekent voor mij onvoorwaardelijke steun en vertrouwen, waarbij je elkaar door dik en dun bijstaat.',
        'Ik zou een schilderij redden dat ik zelf heb gemaakt.'),

       ('Jane Doe', 'onderdentoren.noreply@gmail.com', 'Vrouw',
        'Wat zijn enkele onverwachte kansen of avonturen die ik in de toekomst zou moeten aangrijpen?',
        'Rustig wakker worden, genieten van een uitgebreid ontbijt en de hele dag ontspannen. ', 'Andere', '1995-02-15',
        22, 38,
        'Man', 'Sport', true,
        'https://firebasestorage.googleapis.com/v0/b/hartverlorenonderdentoren.appspot.com/o/image2.png?alt=media&token=a6b026aa-c0d2-487d-82fc-1235bbc96ae1',
        False,
        2,
        'Ja, omdat ik graag een positieve invloed wil hebben op anderen en mijn passies met een groter publiek wil delen.',
        'Vriendschap betekent voor mij onvoorwaardelijke steun en vertrouwen, waarbij je elkaar door dik en dun bijstaat.',
        'Ik zou een schilderij redden dat ik zelf heb gemaakt.'),

       ('Mark Smith', 'onderdentoren.noreply@gmail.com', 'Man',
        'Wat zou de ideale balans zijn tussen werk, vrije tijd en persoonlijke groei om een vervuld leven te leiden?',
        'Rustig wakker worden, genieten van een uitgebreid ontbijt en de hele dag ontspannen. ', 'Muziek, Films',
        '1985-06-20', 32, 38,
        'Vrouw', 'Reizen', true,
        'https://firebasestorage.googleapis.com/v0/b/hartverlorenonderdentoren.appspot.com/o/image3.png?alt=media&token=0b86de9a-cd00-48c8-bbc3-8aa89fe21902',
        False,
        2,
        'Ja, omdat ik graag een positieve invloed wil hebben op anderen en mijn passies met een groter publiek wil delen.',
        'Vriendschap betekent voor mij onvoorwaardelijke steun en vertrouwen, waarbij je elkaar door dik en dun bijstaat.',
        'Ik zou mijn muziekinstrument redden.'),

       ('Sarah Lee', 'onderdentoren.noreply@gmail.com', 'Vrouw',
        'Wat zijn enkele onverwachte kansen of avonturen die ik in de toekomst zou moeten aangrijpen?',
        'Een spannende sportactiviteit beoefenen, zoals skydiven, bungeejumpen of bergbeklimmen. ',
        'Lezen, Sport, Muziek, Anders',
        '1992-11-10', 25, 31, 'Man', 'Sport', true,
        'https://firebasestorage.googleapis.com/v0/b/hartverlorenonderdentoren.appspot.com/o/image4.png?alt=media&token=b772278d-a708-4c75-a5db-6c3b5f7ce8e1',
        False,
        2,
        'Ja, omdat ik graag een positieve invloed wil hebben op anderen en mijn passies met een groter publiek wil delen.',
        'Vriendschap betekent voor mij onvoorwaardelijke steun en vertrouwen, waarbij je elkaar door dik en dun bijstaat.',
        'Ik zou mijn muziekinstrument redden.'),

       ('Tom Jackson', 'onderdentoren.noreply@gmail.com', 'Man',
        'Wat zijn enkele onverwachte kansen of avonturen die ik in de toekomst zou moeten aangrijpen?',
        'Een spannende sportactiviteit beoefenen, zoals skydiven, bungeejumpen of bergbeklimmen. ', 'Muziek',
        '1988-03-05', 27, 33,
        'Vrouw', 'Reizen', true,
        'https://firebasestorage.googleapis.com/v0/b/hartverlorenonderdentoren.appspot.com/o/image5.png?alt=media&token=96c187db-5018-49f7-98d0-ca9af90d8af7',
        False,
        2, 'Nee, omdat ik waarde hecht aan mijn privacy en liever een rustig en normaal leven leid.',
        'Vriendschap betekent voor mij onvoorwaardelijke steun en vertrouwen, waarbij je elkaar door dik en dun bijstaat.',
        'Ik zou een schilderij redden dat ik zelf heb gemaakt.'),

       ('Lisa Garcia', 'onderdentoren.noreply@gmail.com', 'Vrouw',
        'Wat zijn enkele onverwachte kansen of avonturen die ik in de toekomst zou moeten aangrijpen?',
        'Een spannende sportactiviteit beoefenen, zoals skydiven, bungeejumpen of bergbeklimmen. ', 'Sport',
        '1997-09-15', 22, 28,
        'Man', 'Koken', true,
        'https://firebasestorage.googleapis.com/v0/b/hartverlorenonderdentoren.appspot.com/o/image6.png?alt=media&token=0357ac1e-9b06-4379-84e9-9f8b149fe5c8',
        False,
        2, 'Nee, omdat ik waarde hecht aan mijn privacy en liever een rustig en normaal leven leid.',
        'Vriendschap betekent voor mij onvoorwaardelijke steun en vertrouwen, waarbij je elkaar door dik en dun bijstaat.',
        'Ik zou een schilderij redden dat ik zelf heb gemaakt.'),

       ('Anna Petersen', 'onderdentoren.noreply@gmail.com', 'Vrouw',
        'Wat zou de ideale balans zijn tussen werk, vrije tijd en persoonlijke groei om een vervuld leven te leiden?',
        'Een dag vol nieuwe ervaringen, zoals het proberen van exotisch ete nof het ontdekken van nieuwe muziek. ',
        'Lezen,Muziek', '1993-04-22',
        25, 31, 'Man', 'Sport', true,
        'https://firebasestorage.googleapis.com/v0/b/hartverlorenonderdentoren.appspot.com/o/image7.png?alt=media&token=06ea943b-5d8e-43b5-b658-5221a537b9fb',
        False,
        1, 'Nee, omdat ik waarde hecht aan mijn privacy en liever een rustig en normaal leven leid.',
        'Vriendschap betekent voor mij onvoorwaardelijke steun en vertrouwen, waarbij je elkaar door dik en dun bijstaat.',
        'Ik zou een schilderij redden dat ik zelf heb gemaakt.'),

       ('David Kim', 'onderdentoren.noreply@gmail.com', 'Man',
        'Wat zijn enkele onverwachte kansen of avonturen die ik in de toekomst zou moeten aangrijpen?',
        'Een dag vol nieuwe ervaringen, zoals het proberen van exotisch eten of het ontdekken van nieuwe muziek. ',
        'Films,Reizen', '1986-11-12', 32, 38,
        'Vrouw', 'Andere', true,
        'https://firebasestorage.googleapis.com/v0/b/hartverlorenonderdentoren.appspot.com/o/image8.png?alt=media&token=fc821174-aec2-4e31-bfd8-9e4062d791b5',
        False,
        1, 'Nee, omdat ik waarde hecht aan mijn privacy en liever een rustig en normaal leven leid.',
        'Vriendschap betekent voor mij onvoorwaardelijke steun en vertrouwen, waarbij je elkaar door dik en dun bijstaat.',
        'Ik zou een schilderij redden dat ik zelf heb gemaakt.'),

       ('Sophie van den Berg', 'onderdentoren.noreply@gmail.com', 'Vrouw',
        'Wat zijn enkele onverwachte kansen of avonturen die ik in de toekomst zou moeten aangrijpen?',
        'Een dag vol nieuwe ervaringen, zoals het proberen van exotisch eten of het ontdekken van nieuwe muziek. ',
        'Muziek,Sport',
        '1990-08-01', 27, 33, 'Man', 'Koken', true,
        'https://firebasestorage.googleapis.com/v0/b/hartverlorenonderdentoren.appspot.com/o/image9.png?alt=media&token=940cc622-5f02-4104-ad86-e5dc344546fa',
        False,
        1, 'Ja, omdat ik graag erkenning wil krijgen voor mijn talenten en prestaties.',
        'Vriendschap betekent voor mij onvoorwaardelijke steun en vertrouwen, waarbij je elkaar door dik en dun bijstaat.',
        'Ik zou mijn muziekinstrument redden.'),

       ('Kevin Nguyen', 'onderdentoren.noreply@gmail.com', 'Man',
        'Wat zijn enkele onverwachte kansen of avonturen die ik in de toekomst zou moeten aangrijpen?',
        'Een dag waarop ik mijn passie kan volgen en me kan wijden aan mijn creatieve projecten, schrijven of muziek maken. ',
        'Sport,Muziek', '1995-02-27', 22, 28,
        'Vrouw', 'Films', true,
        'https://firebasestorage.googleapis.com/v0/b/hartverlorenonderdentoren.appspot.com/o/image10.png?alt=media&token=04bd4a9b-c0c2-4cfc-a567-18735332abff',
        False,
        1, 'Ja, omdat ik graag erkenning wil krijgen voor mijn talenten en prestaties.',
        'Vriendschap betekent voor mij onvoorwaardelijke steun en vertrouwen, waarbij je elkaar door dik en dun bijstaat.',
        'Ik zou mijn muziekinstrument redden.'),

       ('Emma Müller', 'onderdentoren.noreply@gmail.com', 'Vrouw',
        'Welke verborgen talenten of passies zou ik ontdekken als ik de kans kreeg om ze te verkennen?',
        'Een dag waarop ik mijn passie kan volgen en me kan wijden aan mijn creatieve projecten schrijven of muziek maken. ',
        'Lezen,Muziek', '1991-06-12', 27, 33,
        'Man', 'Andere', true,
        'https://firebasestorage.googleapis.com/v0/b/hartverlorenonderdentoren.appspot.com/o/image11.png?alt=media&token=38298993-c4aa-4002-99fc-cc331b48fe7a',
        False,
        1,
        'Nee, omdat ik me comfortabel voel in mijn eigen sociale kring en niet de behoefte heb om wereldwijd bekend te zijn.',
        'Vriendschap betekent voor mij onvoorwaardelijke steun en vertrouwen, waarbij je elkaar door dik en dun bijstaat.',
        'Ik zou mijn grootmoeders oude kookboek redden.'),

       ('Alexander Schmidt', 'onderdentoren.noreply@gmail.com', 'Man',
        'Welke verborgen talenten of passies zou ik ontdekken als ik de kans kreeg om ze te verkennen?',
        'Een dag waarop ik me kan terugtrekken in de natuur, zoals een wandeling maken in het bos of zwemmen in een meer. ',
        'Sport,Films', '1988-09-05',
        32, 38, 'Vrouw', 'Koken', true,
        'https://firebasestorage.googleapis.com/v0/b/hartverlorenonderdentoren.appspot.com/o/image12.png?alt=media&token=2429aa9b-1d74-437f-aacd-7bf9657df4f1',
        False,
        1,
        'Nee, omdat ik me comfortabel voel in mijn eigen sociale kring en niet de behoefte heb om wereldwijd bekend te zijn.',
        'Vriendschap betekent voor mij onvoorwaardelijke steun en vertrouwen, waarbij je elkaar door dik en dun bijstaat.',
        'Ik zou mijn dagboek redden.'),

       ('Sofia Perez', 'onderdentoren.noreply@gmail.com', 'Vrouw',
        'Welke verborgen talenten of passies zou ik ontdekken als ik de kans kreeg om ze te verkennen?',
        'Een dag waarop ik me kan terugtrekken in de natuur, zoals een wandeling maken in het bos of zwemmen in een meer. ',
        'Lezen, Koken,Films',
        '1993-05-02', 25, 31, 'Man', 'Muziek', true,
        'https://firebasestorage.googleapis.com/v0/b/hartverlorenonderdentoren.appspot.com/o/image13.png?alt=media&token=8ef69f20-5e56-4fb8-835d-f04b38548fe5',
        False,
        1,
        'Nee, omdat ik me comfortabel voel in mijn eigen sociale kring en niet de behoefte heb om wereldwijd bekend te zijn.',
        'Vriendschap betekent voor mij onvoorwaardelijke steun en vertrouwen, waarbij je elkaar door dik en dun bijstaat.',
        'Ik zou een speciale brief van een dierbare redden.'),

       ('Lucas Hernandez', 'onderdentoren.noreply@gmail.com', 'Man',
        'Wat zou de ideale balans zijn tussen werk, vrije tijd en persoonlijke groei om een vervuld leven te leiden?',
        'Een dag waarop ik me kan terugtrekken in de natuur, zoals een wandeling maken in het bos of zwemmen in een meer. ',
        'Sport,Muziek', '1991-07-18',
        27, 33, 'Vrouw', 'Koken', true,
        'https://firebasestorage.googleapis.com/v0/b/hartverlorenonderdentoren.appspot.com/o/image14.png?alt=media&token=39002f37-9e77-4279-827a-a42b6009da58',
        False,
        1,
        'Nee, omdat ik me comfortabel voel in mijn eigen sociale kring en niet de behoefte heb om wereldwijd bekend te zijn.',
        'Vriendschap betekent voor mij onvoorwaardelijke steun en vertrouwen, waarbij je elkaar door dik en dun bijstaat.',
        'Ik zou mijn dagboek redden.'),

       ('Eva van der Meer', 'onderdentoren.noreply@gmail.com', 'Vrouw',
        'Welke mensen, zowel bekend als onbekend, zouden een significante invloed hebben op mijn leven en waarom?',
        'Een dag waarop ik me kan terugtrekken in de natuur, zoals een wandeling maken in het bos of zwemmen in een meer. ',
        'Reizen,Sport', '1990-10-11',
        29, 35, 'Man', 'Films', true,
        'https://firebasestorage.googleapis.com/v0/b/hartverlorenonderdentoren.appspot.com/o/image15.png?alt=media&token=d9b43591-70ae-4cfb-9683-12ccfdb83eca',
        False,
        1,
        'Nee, omdat ik me comfortabel voel in mijn eigen sociale kring en niet de behoefte heb om wereldwijd bekend te zijn.',
        'Vriendschap betekent voor mij onvoorwaardelijke steun en vertrouwen, waarbij je elkaar door dik en dun bijstaat.',
        'Ik zou een schilderij redden dat ik zelf heb gemaakt.'),

       ('Simon de Vries', 'onderdentoren.noreply@gmail.com', 'Man',
        'Welke mensen, zowel bekend als onbekend, zouden een significante invloed hebben op mijn leven en waarom?',
        'Een dag waarop ik me kan terugtrekken in de natuur, zoals een wandeling maken in het bos of zwemmen in een meer. ',
        'Reizen,Films', '1987-02-22', 32, 38,
        'Vrouw', 'Lezen', true,
        'https://firebasestorage.googleapis.com/v0/b/hartverlorenonderdentoren.appspot.com/o/image16.png?alt=media&token=86edb203-dbcf-4a31-84b3-fbb3ee4e1a56',
        False,
        1,
        'Nee, omdat ik me comfortabel voel in mijn eigen sociale kring en niet de behoefte heb om wereldwijd bekend te zijn.',
        'Vriendschap betekent voor mij onvoorwaardelijke steun en vertrouwen, waarbij je elkaar door dik en dun bijstaat.',
        'Ik zou een schilderij redden dat ik zelf heb gemaakt.'),

       ('Maxime Dupont', 'onderdentoren.noreply@gmail.com', 'Vrouw',
        'Welke belangrijke lessen of inzichten zou ik leren uit uitdagingen of tegenslagen in de toekomst?',
        'Een dag waarop ik me kan terugtrekken in de natuur, zoals een wandeling maken in het bos of zwemmen in een meer. ',
        'Lezen, Sport', '1994-04-23', 25, 31,
        'Man', 'Muziek', true,
        'https://firebasestorage.googleapis.com/v0/b/hartverlorenonderdentoren.appspot.com/o/image17.png?alt=media&token=8c09a19d-5370-4eb4-9a20-6b51b19be3c3',
        False,
        2,
        'Nee, omdat ik me comfortabel voel in mijn eigen sociale kring en niet de behoefte heb om wereldwijd bekend te zijn.',
        'Vriendschap betekent voor mij onvoorwaardelijke steun en vertrouwen, waarbij je elkaar door dik en dun bijstaat.',
        'Ik zou een speciale brief van een dierbare redden.'),

       ('Robert de Smet', 'onderdentoren.noreply@gmail.com', 'Man',
        'Welke mensen, zowel bekend als onbekend, zouden een significante invloed hebben op mijn leven en waarom?',
        'Rustig wakker worden, genieten van een uitgebreid ontbijt en de hele dag ontspannen. ',
        'Lezen, Sport', '1983-06-27',
        33, 45, 'Man', 'Muziek, sport', true,
        'https://firebasestorage.googleapis.com/v0/b/hartverlorenonderdentoren.appspot.com/o/image18.png?alt=media&token=f0f8eb4a-bcaf-4ed0-9968-15fe2e01660c',
        False,
        2,
        'Nee, omdat ik me comfortabel voel in mijn eigen sociale kring en niet de behoefte heb om wereldwijd bekend te zijn.',
        'Vriendschap betekent voor mij onvoorwaardelijke steun en vertrouwen, waarbij je elkaar door dik en dun bijstaat.',
        'Ik zou een schilderij redden dat ik zelf heb gemaakt.'),

       ('Geert Snijders', 'onderdentoren.noreply@gmail.com', 'Man',
        'Welke belangrijke lessen of inzichten zou ik leren uit uitdagingen of tegenslagen in de toekomst?',
        'Een dag waarop ik mijn passie kan volgen en me kan wijden aan mijn creatieve projecten, schrijven of muziek maken. ',
        'Sport', '2001-04-02',
        20, 25, 'Man', 'Sport', true,
        'https://firebasestorage.googleapis.com/v0/b/hartverlorenonderdentoren.appspot.com/o/image19.png?alt=media&token=0d7ff718-7af7-4f9d-b581-31fe1be5fb2f',
        False,
        2,
        'Nee, omdat ik me comfortabel voel in mijn eigen sociale kring en niet de behoefte heb om wereldwijd bekend te zijn.',
        'Vriendschap betekent voor mij onvoorwaardelijke steun en vertrouwen, waarbij je elkaar door dik en dun bijstaat.',
        'Ik zou een schilderij redden dat ik zelf heb gemaakt.'),

       ('Peter Peeters', 'onderdentoren.noreply@gmail.com', 'Man',
        'Welke belangrijke lessen of inzichten zou ik leren uit uitdagingen of tegenslagen in de toekomst?',
        'Een dag waarop ik mijn passie kan volgen en me kan wijden aan mijn creatieve projecten, schrijven of muziek maken. ',
        'Lezen, Sport', '1978-04-23',
        40, 50, 'Vrouw', 'Muziek', true,
        'https://firebasestorage.googleapis.com/v0/b/hartverlorenonderdentoren.appspot.com/o/image20.png?alt=media&token=b0a586a9-dcb3-4823-89b0-d0167c4ebcdf',
        False,
        2,
        'Nee, omdat ik me comfortabel voel in mijn eigen sociale kring en niet de behoefte heb om wereldwijd bekend te zijn.',
        'Vriendschap betekent voor mij onvoorwaardelijke steun en vertrouwen, waarbij je elkaar door dik en dun bijstaat.',
        'Ik zou mijn dagboek redden.'),

       ('Fleur Brinkman', 'onderdentoren.noreply@gmail.com', 'Vrouw',
        'Welke belangrijke lessen of inzichten zou ik leren uit uitdagingen of tegenslagen in de toekomst?',
        'Een dag waarop ik mijn passie kan volgen en me kan wijden aan mijn creatieve projecten, schrijven of muziek maken. ',
        'Muziek', '2003-01-03',
        19, 23, 'Vrouw', 'Muziek', false,
        'https://firebasestorage.googleapis.com/v0/b/hartverlorenonderdentoren.appspot.com/o/image21.png?alt=media&token=c22a221f-cda1-414c-b8f1-b31a7adbc798',
        False,
        2,
        'Nee, omdat ik me comfortabel voel in mijn eigen sociale kring en niet de behoefte heb om wereldwijd bekend te zijn.',
        'Vriendschap betekent voor mij onvoorwaardelijke steun en vertrouwen, waarbij je elkaar door dik en dun bijstaat.',
        'Ik zou een schilderij redden dat ik zelf heb gemaakt.'),

       ('Julie Sanne Kassenberg', 'onderdentoren.noreply@gmail.com', 'Vrouw',
        'Welke belangrijke lessen of inzichten zou ik leren uit uitdagingen of tegenslagen in de toekomst?',
        'Rustig wakker worden, genieten van een uitgebreid ontbijt en de hele dag ontspannen. ',
        'Lezen, Sport', '2001-09-11',
        20, 28, 'Vrouw', 'Muziek', false,
        'https://firebasestorage.googleapis.com/v0/b/hartverlorenonderdentoren.appspot.com/o/image22.png?alt=media&token=d4d28e46-6d2f-4676-9d4c-fd6960caaca8',
        False,
        2,
        'Nee, omdat ik me comfortabel voel in mijn eigen sociale kring en niet de behoefte heb om wereldwijd bekend te zijn.',
        'Vriendschap betekent voor mij onvoorwaardelijke steun en vertrouwen, waarbij je elkaar door dik en dun bijstaat.',
        'Ik zou mijn grootmoeders oude kookboek redden.'),

       ('Bart Bevers', 'onderdentoren.noreply@gmail.com', 'Man',
        'Welke belangrijke lessen of inzichten zou ik leren uit uitdagingen of tegenslagen in de toekomst?',
        'Een dag waarop ik mijn passie kan volgen en me kan wijden aan mijn creatieve projecten, schrijven of muziek maken. ',
        'Lezen, Sport', '1986-11-03',
        30, 40, 'Vrouw', 'Muziek', false,
        'https://firebasestorage.googleapis.com/v0/b/hartverlorenonderdentoren.appspot.com/o/image23.png?alt=media&token=a56f7d5e-bb4e-4ffe-8267-75f43a9013c7',
        False,
        2,
        'Nee, omdat ik me comfortabel voel in mijn eigen sociale kring en niet de behoefte heb om wereldwijd bekend te zijn.',
        'Vriendschap betekent voor mij onvoorwaardelijke steun en vertrouwen, waarbij je elkaar door dik en dun bijstaat.',
        'Ik zou mijn grootmoeders oude kookboek redden.'),

       ('Michael Johnson', 'onderdentoren.noreply@gmail.com', 'Man',
        'Wat zijn enkele onverwachte kansen of avonturen die ik in de toekomst zou moeten aangrijpen?',
        'Een dag waarop ik mijn passie kan volgen en me kan wijden aan mijn creatieve projecten, schrijven of muziek maken. ',
        'Sport, Muziek',
        '1987-09-18', 30, 40,
        'Vrouw', 'Reizen', false,
        'https://firebasestorage.googleapis.com/v0/b/hartverlorenonderdentoren.appspot.com/o/image1.png?alt=media&token=43a098e9-6909-49be-87fa-1e5cf13b3cbf',
        False,
        1, 'Nee, omdat ik waarde hecht aan mijn privacy en liever een rustig en normaal leven leid.',
        'Vriendschap betekent voor mij onvoorwaardelijke steun en vertrouwen, waarbij je elkaar door dik en dun bijstaat.',
        'Ik zou mijn muziekinstrument redden.'),

       ('Laura Thompson', 'onderdentoren.noreply@gmail.com', 'Vrouw',
        'Wat zijn enkele onverwachte kansen of avonturen die ik in de toekomst zou moeten aangrijpen?',
        'Een dag waarop ik mijn passie kan volgen en me kan wijden aan mijn creatieve projecten, schrijven of muziek maken. ',
        'Lezen, Sport',
        '1996-03-14', 25, 35,
        'Man', 'Films', false,
        'https://firebasestorage.googleapis.com/v0/b/hartverlorenonderdentoren.appspot.com/o/image25.png?alt=media&token=43177550-8d0c-4087-9aaf-217162ec7c95',
        False,
        1, 'Ja, omdat ik graag erkenning wil krijgen voor mijn talenten en prestaties.',
        'Vriendschap betekent voor mij onvoorwaardelijke steun en vertrouwen, waarbij je elkaar door dik en dun bijstaat.',
        'Ik zou een schilderij redden dat ik zelf heb gemaakt.'),

       ('Sophia Davis', 'onderdentoren.noreply@gmail.com', 'Vrouw',
        'Wat zou de ideale balans zijn tussen werk, vrije tijd en persoonlijke groei om een vervuld leven te leiden?',
        'Een dag waarop ik mijn passie kan volgen en me kan wijden aan mijn creatieve projecten, schrijven of muziek maken. ',
        'Muziek, Films',
        '1989-11-02', 30, 40,
        'Man', 'Reizen', false,
        'https://firebasestorage.googleapis.com/v0/b/hartverlorenonderdentoren.appspot.com/o/image26.png?alt=media&token=3bc07c6d-575e-49b2-8d7c-518b556ec4bd',
        False,
        1,
        'Ja, omdat ik graag een positieve invloed wil hebben op anderen en mijn passies met een groter publiek wil delen.',
        'Vriendschap betekent voor mij onvoorwaardelijke steun en vertrouwen, waarbij je elkaar door dik en dun bijstaat.',
        'Ik zou mijn dagboek redden.'),

       ('Daniel Rodriguez', 'onderdentoren.noreply@gmail.com', 'Man',
        'Wat zijn enkele onverwachte kansen of avonturen die ik in de toekomst zou moeten aangrijpen?',
        'Een dag waarop ik mijn passie kan volgen en me kan wijden aan mijn creatieve projecten, schrijven of muziek maken. ',
        'Sport, Lezen',
        '1992-06-30', 28, 38,
        'Vrouw', 'Muziek', false,
        'https://firebasestorage.googleapis.com/v0/b/hartverlorenonderdentoren.appspot.com/o/image3.png?alt=media&token=0b86de9a-cd00-48c8-bbc3-8aa89fe21902',
        False,
        1, 'Nee, omdat ik liever in de anonimiteit blijf en mijn privacy waardeer.',
        'Vriendschap betekent voor mij onvoorwaardelijke steun en vertrouwen, waarbij je elkaar door dik en dun bijstaat.',
        'Ik zou een speciale brief van een dierbare redden.'),

       ('Emily Wilson', 'onderdentoren.noreply@gmail.com', 'Vrouw',
        'Wat zijn enkele onverwachte kansen of avonturen die ik in de toekomst zou moeten aangrijpen?',
        'Een dag vol nieuwe ervaringen, zoals het proberen van exotisch eten of het ontdekken van nieuwe muziek. ',
        'Reizen, Films',
        '1995-09-03', 25, 35,
        'Man', 'Lezen', false,
        'https://firebasestorage.googleapis.com/v0/b/hartverlorenonderdentoren.appspot.com/o/image28.png?alt=media&token=294300d1-dd01-42d0-96dd-a6191d0ebe65',
        False,
        1, 'Ja, omdat ik graag nieuwe ervaringen en perspectieven wil opdoen.',
        'Vriendschap betekent voor mij onvoorwaardelijke steun en vertrouwen, waarbij je elkaar door dik en dun bijstaat.',
        'Ik zou een speciale brief van een dierbare redden.'),

       ('David Miller', 'onderdentoren.noreply@gmail.com', 'Man',
        'Wat zou de ideale balans zijn tussen werk, vrije tijd en persoonlijke groei om een vervuld leven te leiden?',
        'Een dag vol nieuwe ervaringen, zoals het proberen van exotisch eten of het ontdekken van nieuwe muziek. ',
        'Muziek, Sport',
        '1985-07-12', 35, 45,
        'Vrouw', 'Films', false,
        'https://firebasestorage.googleapis.com/v0/b/hartverlorenonderdentoren.appspot.com/o/image5.png?alt=media&token=96c187db-5018-49f7-98d0-ca9af90d8af7',
        False,
        1, 'Nee, omdat ik me liever richt op mijn persoonlijke groei en prestaties.',
        'Vriendschap betekent voor mij onvoorwaardelijke steun en vertrouwen, waarbij je elkaar door dik en dun bijstaat.',
        'Ik zou mijn dagboek redden.'),

       ('Olivia Martinez', 'onderdentoren.noreply@gmail.com', 'Vrouw',
        'Wat zijn enkele onverwachte kansen of avonturen die ik in de toekomst zou moeten aangrijpen?',
        'Een dag vol nieuwe ervaringen, zoals het proberen van exotisch eten of het ontdekken van nieuwe muziek. ',
        'Lezen, Reizen',
        '1991-12-28', 30, 40,
        'Man', 'Sport', false,
        'https://firebasestorage.googleapis.com/v0/b/hartverlorenonderdentoren.appspot.com/o/image30.png?alt=media&token=ed68ed0f-94c6-447e-9f54-0188e74dce43',
        False,
        1, 'Ja, omdat ik graag uit mijn comfortzone stap en nieuwe ervaringen wil opdoen.',
        'Vriendschap betekent voor mij onvoorwaardelijke steun en vertrouwen, waarbij je elkaar door dik en dun bijstaat.',
        'Ik zou mijn grootmoeders oude kookboek redden.'),

       ('William Johnson', 'onderdentoren.noreply@gmail.com', 'Man',
        'Wat zou de ideale balans zijn tussen werk, vrije tijd en persoonlijke groei om een vervuld leven te leiden?',
        'Een dag vol nieuwe ervaringen, zoals het proberen van exotisch eten of het ontdekken van nieuwe muziek. ',
        'Films, Reizen',
        '1988-04-05', 30, 40,
        'Vrouw', 'Muziek', false,
        'https://firebasestorage.googleapis.com/v0/b/hartverlorenonderdentoren.appspot.com/o/image8.png?alt=media&token=fc821174-aec2-4e31-bfd8-9e4062d791b5',
        False,
        1, 'Ja, omdat ik graag persoonlijke en professionele successen wil behalen.',
        'Vriendschap betekent voor mij onvoorwaardelijke steun en vertrouwen, waarbij je elkaar door dik en dun bijstaat.',
        'Ik zou een speciale brief van een dierbare redden.'),

       ('Ava Davis', 'onderdentoren.noreply@gmail.com', 'Vrouw',
        'Wat zijn enkele onverwachte kansen of avonturen die ik in de toekomst zou moeten aangrijpen?',
        'Een spannende sportactiviteit beoefenen, zoals skydiven, bungeejumpen of bergbeklimmen. ',
        'Muziek, Sport',
        '1993-09-20', 25, 35,
        'Man', 'Lezen', false,
        'https://firebasestorage.googleapis.com/v0/b/hartverlorenonderdentoren.appspot.com/o/image32.png?alt=media&token=677d70c1-fd8d-463f-9160-24f5c2367db2',
        False,
        1, 'Nee, omdat ik waarde hecht aan mijn privacy en liever een rustig en normaal leven leid.',
        'Vriendschap betekent voor mij onvoorwaardelijke steun en vertrouwen, waarbij je elkaar door dik en dun bijstaat.',
        'Ik zou mijn dagboek redden.'),

       ('Jacob Wilson', 'onderdentoren.noreply@gmail.com', 'Man',
        'Wat zou de ideale balans zijn tussen werk, vrije tijd en persoonlijke groei om een vervuld leven te leiden?',
        'Een spannende sportactiviteit beoefenen, zoals skydiven, bungeejumpen of bergbeklimmen. ',
        'Lezen, Films',
        '1990-02-15', 28, 38,
        'Vrouw', 'Sport', false,
        'https://firebasestorage.googleapis.com/v0/b/hartverlorenonderdentoren.appspot.com/o/image10.png?alt=media&token=04bd4a9b-c0c2-4cfc-a567-18735332abff',
        False,
        1, 'Ja, omdat ik graag een evenwicht wil vinden tussen mijn carrière en persoonlijke interesses.',
        'Vriendschap betekent voor mij onvoorwaardelijke steun en vertrouwen, waarbij je elkaar door dik en dun bijstaat.',
        'Ik zou mijn grootmoeders oude kookboek redden.'),

       ('Grace Thompson', 'onderdentoren.noreply@gmail.com', 'Vrouw',
        'Wat zijn enkele onverwachte kansen of avonturen die ik in de toekomst zou moeten aangrijpen?',
        'Een spannende sportactiviteit beoefenen, zoals skydiven, bungeejumpen of bergbeklimmen. ',
        'Sport, Reizen',
        '1994-05-08', 25, 35,
        'Man', 'Muziek', false,
        'https://firebasestorage.googleapis.com/v0/b/hartverlorenonderdentoren.appspot.com/o/image34.png?alt=media&token=f371635e-5ddf-4908-9bae-119b47cac867',
        False,
        1, 'Nee, omdat ik liever mijn persoonlijke successen en avonturen privé houd.',
        'Vriendschap betekent voor mij onvoorwaardelijke steun en vertrouwen, waarbij je elkaar door dik en dun bijstaat.',
        'Ik zou een schilderij redden dat ik zelf heb gemaakt.');


INSERT INTO Interests (interests, interests_french, interests_english)
VALUES ('Sport', 'Sport', 'Sport'),
       ('Muziek', 'Musique', 'Music'),
       ('Films', 'Films', 'Films'),
       ('Andere', 'Autres', 'Other');

INSERT INTO Interests_preference (interests_preference, interests_preference_french, interests_preference_english)
VALUES ('Sport', 'Sport', 'Sport'),
       ('Muziek', 'Musique', 'Music'),
       ('Films', 'Films', 'Films'),
       ('Andere', 'Autres', 'Other');

INSERT INTO Crystal_Ball (crystal_ball, crystal_ball_french, crystal_ball_english)
VALUES ('Wat zijn enkele onverwachte kansen of avonturen die ik in de toekomst zou moeten aangrijpen?',
        'Quelles sont les opportunités ou les aventures inattendues que je devrais saisir à l avenir ?',
        'What are some unexpected opportunities or adventures I should take in the future?'),
       ('Welke verborgen talenten of passies zou ik ontdekken als ik de kans kreeg om ze te verkennen?',
        'Quels talents ou passions cachés découvrirais-je si j avais la chance de les explorer ?',
        'What hidden talents or passions would I discover if I had the chance to explore them?'),
       ('Welke mensen, zowel bekend als onbekend, zouden een significante invloed hebben op mijn leven en waarom?',
        'Quelles personnes, connues et inconnues, auraient un impact significatif sur ma vie et pourquoi ?',
        'Which people, both known and unknown, would have a significant impact on my life and why?'),
       ('Welke belangrijke lessen of inzichten zou ik leren uit uitdagingen of tegenslagen in de toekomst?',
        'Quelles leçons ou idées importantes puis-je tirer des défis ou revers futurs ?',
        'What important lessons or insights would I learn from future challenges or setbacks?'),
       ('Wat zou de ideale balans zijn tussen werk, vrije tijd en persoonlijke groei om een vervuld leven te leiden?',
        'Quel sera la croissance personnelle vers lequel je devrais tendre pour vivre une vie épanouie ?',
        'What would be the ideal balance between work, leisure and personal growth to live a fulfilled life?');

INSERT INTO Perfect_Day (perfect_day, perfect_day_french, perfect_day_english)
VALUES ('Rustig wakker worden, genieten van een uitgebreid ontbijt en de hele dag ontspannen.',
        'Réveillez-vous paisiblement, savourez un copieux petit-déjeuner et détendez-vous toute la journée.',
        'Wake up peacefully, enjoy an extensive breakfast and relax all day long.'),
       ('Een spannende sportactiviteit beoefenen, zoals skydiven, bungeejumpen of bergbeklimmen.',
        'Faire une activité sportive passionnante, comme le parachutisme, le saut à l élastique ou l escalade.',
        'Doing an exciting sport activity, such as skydiving, bungee jumping or rock climbing.'),
       ('Een dag vol nieuwe ervaringen, zoals het proberen van exotisch eten of het ontdekken van nieuwe muziek.',
        'Une journée pleine de nouvelles expériences, comme essayer des plats exotiques ou découvrir de nouvelles musiques.',
        'A day full of new experiences, such as trying exotic food or discovering new music.'),
       ('Een dag waarop ik me kan terugtrekken in de natuur, zoals een wandeling maken in het bos of zwemmen in een meer.',
        'Une journée où je peux me retirer dans la nature, comme faire une promenade dans les bois ou nager dans un lac.',
        'A day when I can retreat to nature, such as taking a walk in the woods or swimming in a lake.'),
       ('Een dag waarop ik mijn passie kan volgen en me kan wijden aan mijn creatieve projecten, schrijven of muziek maken.',
        'Une journée où je peux suivre ma passion et me consacrer à mes projets créatifs, écrire ou faire de la musique.',
        'A day when I can follow my passion and dedicate myself to my creative projects, writing or making music.');

INSERT INTO Gender (gender, gender_french, gender_english)
VALUES ('Man', 'Homme', 'Man'),
       ('Vrouw', 'Femme', 'Woman');

INSERT INTO `roles` (`name`)
VALUES ('ADMIN'),
       ('MATCHMAKER');

INSERT INTO `users` (`username`, `password`, `enabled`)
VALUES ('admin', '$2a$10$6.e7fb66vnBzBB/9Hv5PW./ZQmcCY6hbRQ8mro3V2s7MfWGb7gdqy', '1'),
       ('matchmaker', '$2a$10$gHmJPqMBZU8JbRuAoJ.6s.c6NN8H0RtX5mFAEFeaeouup5T6jvKAC', '1');

INSERT INTO `users_roles` (`user_id`, `role_id`)
VALUES (1, 1),
       (2, 2);

insert into FEEDBACK (SCORE, FEEDBACK, EVENT_ID)
values (5, 'Heel leuk', 2),
       (1, 'Niet tevreden', 2),
       (4, 'Leuk, zeker een aanrader ', 1),
       (3, 'Heb er van genoten, duurde alleen wat lang tot ik een match had', 1),
       (4,
        'Een van mijn vrienden zei dat ik dit eens moest uitproberen als ik in de regio ben tijdens een event en ben er zeker tevreden mee en heb een tof iemand ontmoet',
        1),
       (2,
        'Was als eerste daar en heb wel even moeten wachten tot een match die viel tegen. We hebben bijna niets om over te praten.',
        1),
       (5, 'Heel leuke ervaring, het verliep vlot en heb een hele leuke persoon ontmoet', 1),
       (4, 'Geweldige persoon ontmoet, wel een beetje krap in de caravan', 1),
       (4, 'Aangename sfeer, heel vriendelijk personeel staat klaar om je direct te helpen', 1),
       (5, 'Volgende keer neem ik zeker wat vrienden mee, heel tof', 1);

insert into sponsor(ADDRESS, NAAM_VERANTWOORDELIJKE, NAME, TELEFOONNUMMER)
values ('Kerkstraat 123, Mechelen', 'Sophie De Vries', 'Brouwerij De Mechelse Leeuw', '+32 123 456 789'),
       ('Grote Markt 55, Mechelen', 'Thomas Verbeek', 'Restaurant De Gouden Lepel', '+32 987 654 321'),
       ('Keizerstraat 10, Mechelen', 'Laura Janssens', 'Modehuis Janssens', '+32 555 666 777'),
       ('Mechelsesteenweg 100, Mechelen', 'Sophie Van Damme', 'Autobedrijf Van Damme', '+32 444 555 666'),
       ('Korenmarkt 15, Mechelen', 'Eva Vermeulen', 'Juweelatelier Vermeulen', '+32 222 333 444'),
       ('Koning Albertplein 8, Mechelen', 'Bart Smidt', 'M-EATERY', '+32 015 630 638');

insert into stand(INFO, NAME, NAME_RESPONSIBLE_PERSON, SPONSOR_ID, EVENT_ID)
values ('Stand met bierproeverij en merchandise', 'Brews, Bites & Beyond', 'Erik Jansen', 1, 1),
       ('Demonstraties van culinaire gerechten', 'Proef de Passie', 'Peter Vermeulen', 2, 2),
       ('Proeverij van signature cocktails', 'Sip & Savor', 'Sarah Van Dijk', 2, 2),
       ('Modeshow met nieuwste collectie', 'Fashion Fusion', 'Laura Janssens', 3, 1),
       ('Stylingadvies en personal shoppers', 'StyleSavvy', 'Sophie Jacobs', 3, 2),
       ('Showcase van nieuwste automodellen', 'Cruise & Discover', 'Kevin Van Damme', 4, 2),
       ('Race-simulator voor bezoekers', 'Velocity Rush', 'Thomas Jacobs', 4, 1),
       ('Workshops voor het maken van juwelen', 'Sparkling Creations', 'Sophie De Jong', 5, 2),
       ('Proeverij van BBQ gerechten', 'Fire & Food', 'John Johnson', 6, 1),
       ('BBQ workshop met tips', 'Sizzle & Smoke', 'John Johnson', 6, 2);

INSERT INTO House_On_Fire(house_on_fire, house_on_fire_french, house_on_fire_english)
values ('Ik zou een schilderij redden dat ik zelf heb gemaakt.',
        'Je sauverais une peinture que j ai faite moi-même.',
        'I would save a painting I made myself.'),
       ('Ik zou mijn grootmoeders oude kookboek redden.',
        'Je sauverais le vieux livre de cuisine de ma grand-mère.',
        'I d Save My Grandmother s Old Cookbook.'),
       ('Ik zou mijn muziekinstrument redden.',
        'Je sauverais ma instrument de musique.',
        'I would save my musical instrument.'),
       ('Ik zou mijn dagboek redden.',
        'Je garderais mon journal.',
        'I would save my diary.'),
       ('Ik zou een speciale brief van een dierbare redden.',
        'Je garderais une lettre spéciale d un être cher.',
        'I would save a special letter from a loved one.');

INSERT INTO Match (person1_id, person2_id, confirmed, confirmation_count, time_added, event_id)
VALUES (7, 8, true, 1.0, NOW(), 1),
       (9, 10, false, 0.5, NOW(), 1),
       (11, 12, false, 0.5, NOW(), 1),
       (13, 14, false, -1.0, NOW(), 1),
       (15, 16, true, 1.0, NOW(), 1),
       (1, 2, true, 1.0, NOW(), 2),
       (3, 4, false, 0.5, NOW(), 2),
       (5, 6, true, 1.0, NOW(), 2),
       (17, 18, true, 1.0, NOW(), 2),
       (19, 20, true, 1.0, NOW(), 2);


